{"task_id": 2, "prediction_id": 0, "generation": "def snake_case_to_camel(input_string: str, upper_case_first: bool = True, separator: str = '_') -> str:\n    \"\"\"\n    Convert a snake case string into a camel case one.\n    (The original string is returned if is not a valid snake case string)\n\n    *Example:*\n\n    >>> snake_case_to_camel('the_snake_is_green') # returns 'TheSnakeIsGreen'\n\n    :param input_string: String to convert.\n    :type input_string: str\n    :param upper_case_first: True to turn the first letter into uppercase (default).\n    :type upper_case_first: bool\n    :param separator: Sign to use as separator (default to \"_\").\n    :type separator: str\n    :return: Converted string\n    \"\"\"\n    if not is_snake_case(input_string, separator):\n        return input_string\n\n    return camel_case_to_snake(input_string, upper_case_first, separator)\n", "message": "failed: Traceback (most recent call last):\n  File \"/codegendata/human-eval/human_eval/execution.py\", line 57, in unsafe_execute\n    exec(check_program, exec_globals)\n  File \"<string>\", line 665, in <module>\n  File \"<string>\", line 664, in test_0\n  File \"<string>\", line 363, in snake_case_to_camel\nTypeError: camel_case_to_snake() takes from 1 to 2 positional arguments but 3 were given\n", "passed": false}
{"task_id": 2, "prediction_id": 1, "generation": "def snake_case_to_camel(input_string: str, upper_case_first: bool = True, separator: str = '_') -> str:\n    \"\"\"\n    Convert a snake case string into a camel case one.\n    (The original string is returned if is not a valid snake case string)\n\n    *Example:*\n\n    >>> snake_case_to_camel('the_snake_is_green') # returns 'TheSnakeIsGreen'\n\n    :param input_string: String to convert.\n    :type input_string: str\n    :param upper_case_first: True to turn the first letter into uppercase (default).\n    :type upper_case_first: bool\n    :param separator: Sign to use as separator (default to \"_\").\n    :type separator: str\n    :return: Converted string\n    \"\"\"\n    if not is_snake_case(input_string, separator):\n        return input_string\n\n    return ''.join(\n        [\n            input_string[0].upper() if upper_case_first else input_string[0],\n            input_string.replace(separator, '')\n        ]\n    )\n", "message": "failed: Traceback (most recent call last):\n  File \"/codegendata/human-eval/human_eval/execution.py\", line 57, in unsafe_execute\n    exec(check_program, exec_globals)\n  File \"<string>\", line 670, in <module>\n  File \"<string>\", line 669, in test_0\nAssertionError\n", "passed": false}
{"task_id": 2, "prediction_id": 2, "generation": "def snake_case_to_camel(input_string: str, upper_case_first: bool = True, separator: str = '_') -> str:\n    \"\"\"\n    Convert a snake case string into a camel case one.\n    (The original string is returned if is not a valid snake case string)\n\n    *Example:*\n\n    >>> snake_case_to_camel('the_snake_is_green') # returns 'TheSnakeIsGreen'\n\n    :param input_string: String to convert.\n    :type input_string: str\n    :param upper_case_first: True to turn the first letter into uppercase (default).\n    :type upper_case_first: bool\n    :param separator: Sign to use as separator (default to \"_\").\n    :type separator: str\n    :return: Converted string\n    \"\"\"\n    if not is_snake_case(input_string, separator):\n        return input_string\n\n    return camel_case_to_snake(input_string, upper_case_first, separator)\n", "message": "failed: Traceback (most recent call last):\n  File \"/codegendata/human-eval/human_eval/execution.py\", line 57, in unsafe_execute\n    exec(check_program, exec_globals)\n  File \"<string>\", line 665, in <module>\n  File \"<string>\", line 664, in test_0\n  File \"<string>\", line 363, in snake_case_to_camel\nTypeError: camel_case_to_snake() takes from 1 to 2 positional arguments but 3 were given\n", "passed": false}
{"task_id": 2, "prediction_id": 3, "generation": "def snake_case_to_camel(input_string: str, upper_case_first: bool = True, separator: str = '_') -> str:\n    \"\"\"\n    Convert a snake case string into a camel case one.\n    (The original string is returned if is not a valid snake case string)\n\n    *Example:*\n\n    >>> snake_case_to_camel('the_snake_is_green') # returns 'TheSnakeIsGreen'\n\n    :param input_string: String to convert.\n    :type input_string: str\n    :param upper_case_first: True to turn the first letter into uppercase (default).\n    :type upper_case_first: bool\n    :param separator: Sign to use as separator (default to \"_\").\n    :type separator: str\n    :return: Converted string\n    \"\"\"\n    if not is_snake_case(input_string, separator):\n        return input_string\n\n    return ''.join([\n        input_string[:1].upper() if upper_case_first else input_string[:1],\n        input_string.replace(separator, '')\n    ])\n", "message": "failed: Traceback (most recent call last):\n  File \"/codegendata/human-eval/human_eval/execution.py\", line 57, in unsafe_execute\n    exec(check_program, exec_globals)\n  File \"<string>\", line 668, in <module>\n  File \"<string>\", line 667, in test_0\nAssertionError\n", "passed": false}
{"task_id": 2, "prediction_id": 4, "generation": "def snake_case_to_camel(input_string: str, upper_case_first: bool = True, separator: str = '_') -> str:\n    \"\"\"\n    Convert a snake case string into a camel case one.\n    (The original string is returned if is not a valid snake case string)\n\n    *Example:*\n\n    >>> snake_case_to_camel('the_snake_is_green') # returns 'TheSnakeIsGreen'\n\n    :param input_string: String to convert.\n    :type input_string: str\n    :param upper_case_first: True to turn the first letter into uppercase (default).\n    :type upper_case_first: bool\n    :param separator: Sign to use as separator (default to \"_\").\n    :type separator: str\n    :return: Converted string\n    \"\"\"\n    if not is_snake_case(input_string, separator):\n        return input_string\n\n    return camel_case_to_snake(input_string, upper_case_first, separator)\n", "message": "failed: Traceback (most recent call last):\n  File \"/codegendata/human-eval/human_eval/execution.py\", line 57, in unsafe_execute\n    exec(check_program, exec_globals)\n  File \"<string>\", line 665, in <module>\n  File \"<string>\", line 664, in test_0\n  File \"<string>\", line 363, in snake_case_to_camel\nTypeError: camel_case_to_snake() takes from 1 to 2 positional arguments but 3 were given\n", "passed": false}
{"task_id": 2, "prediction_id": 5, "generation": "def snake_case_to_camel(input_string: str, upper_case_first: bool = True, separator: str = '_') -> str:\n    \"\"\"\n    Convert a snake case string into a camel case one.\n    (The original string is returned if is not a valid snake case string)\n\n    *Example:*\n\n    >>> snake_case_to_camel('the_snake_is_green') # returns 'TheSnakeIsGreen'\n\n    :param input_string: String to convert.\n    :type input_string: str\n    :param upper_case_first: True to turn the first letter into uppercase (default).\n    :type upper_case_first: bool\n    :param separator: Sign to use as separator (default to \"_\").\n    :type separator: str\n    :return: Converted string\n    \"\"\"\n    if not is_snake_case(input_string, separator):\n        return input_string\n\n    return camel_case_to_snake(input_string, upper_case_first, separator)\n", "message": "failed: Traceback (most recent call last):\n  File \"/codegendata/human-eval/human_eval/execution.py\", line 57, in unsafe_execute\n    exec(check_program, exec_globals)\n  File \"<string>\", line 665, in <module>\n  File \"<string>\", line 664, in test_0\n  File \"<string>\", line 363, in snake_case_to_camel\nTypeError: camel_case_to_snake() takes from 1 to 2 positional arguments but 3 were given\n", "passed": false}
{"task_id": 2, "prediction_id": 6, "generation": "def snake_case_to_camel(input_string: str, upper_case_first: bool = True, separator: str = '_') -> str:\n    \"\"\"\n    Convert a snake case string into a camel case one.\n    (The original string is returned if is not a valid snake case string)\n\n    *Example:*\n\n    >>> snake_case_to_camel('the_snake_is_green') # returns 'TheSnakeIsGreen'\n\n    :param input_string: String to convert.\n    :type input_string: str\n    :param upper_case_first: True to turn the first letter into uppercase (default).\n    :type upper_case_first: bool\n    :param separator: Sign to use as separator (default to \"_\").\n    :type separator: str\n    :return: Converted string\n    \"\"\"\n    if not is_snake_case(input_string, separator):\n        return input_string\n\n    return camel_case_to_snake(input_string, upper_case_first, separator)\n", "message": "failed: Traceback (most recent call last):\n  File \"/codegendata/human-eval/human_eval/execution.py\", line 57, in unsafe_execute\n    exec(check_program, exec_globals)\n  File \"<string>\", line 665, in <module>\n  File \"<string>\", line 664, in test_0\n  File \"<string>\", line 363, in snake_case_to_camel\nTypeError: camel_case_to_snake() takes from 1 to 2 positional arguments but 3 were given\n", "passed": false}
{"task_id": 2, "prediction_id": 7, "generation": "def snake_case_to_camel(input_string: str, upper_case_first: bool = True, separator: str = '_') -> str:\n    \"\"\"\n    Convert a snake case string into a camel case one.\n    (The original string is returned if is not a valid snake case string)\n\n    *Example:*\n\n    >>> snake_case_to_camel('the_snake_is_green') # returns 'TheSnakeIsGreen'\n\n    :param input_string: String to convert.\n    :type input_string: str\n    :param upper_case_first: True to turn the first letter into uppercase (default).\n    :type upper_case_first: bool\n    :param separator: Sign to use as separator (default to \"_\").\n    :type separator: str\n    :return: Converted string\n    \"\"\"\n    if not is_snake_case(input_string, separator):\n        return input_string\n\n    return ''.join(\n        [\n            input_string[0].upper() if upper_case_first else input_string[0],\n            input_string.replace(separator, '')\n        ]\n    )\n", "message": "failed: Traceback (most recent call last):\n  File \"/codegendata/human-eval/human_eval/execution.py\", line 57, in unsafe_execute\n    exec(check_program, exec_globals)\n  File \"<string>\", line 670, in <module>\n  File \"<string>\", line 669, in test_0\nAssertionError\n", "passed": false}
{"task_id": 2, "prediction_id": 8, "generation": "def snake_case_to_camel(input_string: str, upper_case_first: bool = True, separator: str = '_') -> str:\n    \"\"\"\n    Convert a snake case string into a camel case one.\n    (The original string is returned if is not a valid snake case string)\n\n    *Example:*\n\n    >>> snake_case_to_camel('the_snake_is_green') # returns 'TheSnakeIsGreen'\n\n    :param input_string: String to convert.\n    :type input_string: str\n    :param upper_case_first: True to turn the first letter into uppercase (default).\n    :type upper_case_first: bool\n    :param separator: Sign to use as separator (default to \"_\").\n    :type separator: str\n    :return: Converted string\n    \"\"\"\n    if not is_snake_case(input_string, separator):\n        return input_string\n\n    return camel_case_to_snake(input_string, upper_case_first, separator)\n", "message": "failed: Traceback (most recent call last):\n  File \"/codegendata/human-eval/human_eval/execution.py\", line 57, in unsafe_execute\n    exec(check_program, exec_globals)\n  File \"<string>\", line 665, in <module>\n  File \"<string>\", line 664, in test_0\n  File \"<string>\", line 363, in snake_case_to_camel\nTypeError: camel_case_to_snake() takes from 1 to 2 positional arguments but 3 were given\n", "passed": false}
{"task_id": 2, "prediction_id": 9, "generation": "def snake_case_to_camel(input_string: str, upper_case_first: bool = True, separator: str = '_') -> str:\n    \"\"\"\n    Convert a snake case string into a camel case one.\n    (The original string is returned if is not a valid snake case string)\n\n    *Example:*\n\n    >>> snake_case_to_camel('the_snake_is_green') # returns 'TheSnakeIsGreen'\n\n    :param input_string: String to convert.\n    :type input_string: str\n    :param upper_case_first: True to turn the first letter into uppercase (default).\n    :type upper_case_first: bool\n    :param separator: Sign to use as separator (default to \"_\").\n    :type separator: str\n    :return: Converted string\n    \"\"\"\n    if not is_snake_case(input_string, separator):\n        return input_string\n\n    return camel_case_to_snake(input_string, upper_case_first, separator)\n", "message": "failed: Traceback (most recent call last):\n  File \"/codegendata/human-eval/human_eval/execution.py\", line 57, in unsafe_execute\n    exec(check_program, exec_globals)\n  File \"<string>\", line 665, in <module>\n  File \"<string>\", line 664, in test_0\n  File \"<string>\", line 363, in snake_case_to_camel\nTypeError: camel_case_to_snake() takes from 1 to 2 positional arguments but 3 were given\n", "passed": false}
{"task_id": 2, "prediction_id": 10, "generation": "def snake_case_to_camel(input_string: str, upper_case_first: bool = True, separator: str = '_') -> str:\n    \"\"\"\n    Convert a snake case string into a camel case one.\n    (The original string is returned if is not a valid snake case string)\n\n    *Example:*\n\n    >>> snake_case_to_camel('the_snake_is_green') # returns 'TheSnakeIsGreen'\n\n    :param input_string: String to convert.\n    :type input_string: str\n    :param upper_case_first: True to turn the first letter into uppercase (default).\n    :type upper_case_first: bool\n    :param separator: Sign to use as separator (default to \"_\").\n    :type separator: str\n    :return: Converted string\n    \"\"\"\n    if not is_snake_case(input_string, separator):\n        return input_string\n\n    return camel_case_to_snake(input_string, upper_case_first, separator)\n", "message": "failed: Traceback (most recent call last):\n  File \"/codegendata/human-eval/human_eval/execution.py\", line 57, in unsafe_execute\n    exec(check_program, exec_globals)\n  File \"<string>\", line 665, in <module>\n  File \"<string>\", line 664, in test_0\n  File \"<string>\", line 363, in snake_case_to_camel\nTypeError: camel_case_to_snake() takes from 1 to 2 positional arguments but 3 were given\n", "passed": false}
{"task_id": 2, "prediction_id": 11, "generation": "def snake_case_to_camel(input_string: str, upper_case_first: bool = True, separator: str = '_') -> str:\n    \"\"\"\n    Convert a snake case string into a camel case one.\n    (The original string is returned if is not a valid snake case string)\n\n    *Example:*\n\n    >>> snake_case_to_camel('the_snake_is_green') # returns 'TheSnakeIsGreen'\n\n    :param input_string: String to convert.\n    :type input_string: str\n    :param upper_case_first: True to turn the first letter into uppercase (default).\n    :type upper_case_first: bool\n    :param separator: Sign to use as separator (default to \"_\").\n    :type separator: str\n    :return: Converted string\n    \"\"\"\n    if not is_snake_case(input_string, separator):\n        return input_string\n\n    return ''.join(\n        [\n            input_string[0].upper() if upper_case_first else input_string[0],\n            input_string[1:].replace(separator, '')\n        ]\n    )\n", "message": "failed: Traceback (most recent call last):\n  File \"/codegendata/human-eval/human_eval/execution.py\", line 57, in unsafe_execute\n    exec(check_program, exec_globals)\n  File \"<string>\", line 670, in <module>\n  File \"<string>\", line 669, in test_0\nAssertionError\n", "passed": false}
{"task_id": 2, "prediction_id": 12, "generation": "def snake_case_to_camel(input_string: str, upper_case_first: bool = True, separator: str = '_') -> str:\n    \"\"\"\n    Convert a snake case string into a camel case one.\n    (The original string is returned if is not a valid snake case string)\n\n    *Example:*\n\n    >>> snake_case_to_camel('the_snake_is_green') # returns 'TheSnakeIsGreen'\n\n    :param input_string: String to convert.\n    :type input_string: str\n    :param upper_case_first: True to turn the first letter into uppercase (default).\n    :type upper_case_first: bool\n    :param separator: Sign to use as separator (default to \"_\").\n    :type separator: str\n    :return: Converted string\n    \"\"\"\n    if not is_snake_case(input_string, separator):\n        return input_string\n\n    return camel_case_to_snake(input_string, upper_case_first, separator)\n", "message": "failed: Traceback (most recent call last):\n  File \"/codegendata/human-eval/human_eval/execution.py\", line 57, in unsafe_execute\n    exec(check_program, exec_globals)\n  File \"<string>\", line 665, in <module>\n  File \"<string>\", line 664, in test_0\n  File \"<string>\", line 363, in snake_case_to_camel\nTypeError: camel_case_to_snake() takes from 1 to 2 positional arguments but 3 were given\n", "passed": false}
{"task_id": 2, "prediction_id": 13, "generation": "def snake_case_to_camel(input_string: str, upper_case_first: bool = True, separator: str = '_') -> str:\n    \"\"\"\n    Convert a snake case string into a camel case one.\n    (The original string is returned if is not a valid snake case string)\n\n    *Example:*\n\n    >>> snake_case_to_camel('the_snake_is_green') # returns 'TheSnakeIsGreen'\n\n    :param input_string: String to convert.\n    :type input_string: str\n    :param upper_case_first: True to turn the first letter into uppercase (default).\n    :type upper_case_first: bool\n    :param separator: Sign to use as separator (default to \"_\").\n    :type separator: str\n    :return: Converted string\n    \"\"\"\n    if not is_snake_case(input_string, separator):\n        return input_string\n\n    return ''.join(\n        [\n            input_string[0].upper() if upper_case_first else input_string[0],\n            input_string.replace(separator, '')\n        ]\n    )\n", "message": "failed: Traceback (most recent call last):\n  File \"/codegendata/human-eval/human_eval/execution.py\", line 57, in unsafe_execute\n    exec(check_program, exec_globals)\n  File \"<string>\", line 670, in <module>\n  File \"<string>\", line 669, in test_0\nAssertionError\n", "passed": false}
{"task_id": 2, "prediction_id": 14, "generation": "def snake_case_to_camel(input_string: str, upper_case_first: bool = True, separator: str = '_') -> str:\n    \"\"\"\n    Convert a snake case string into a camel case one.\n    (The original string is returned if is not a valid snake case string)\n\n    *Example:*\n\n    >>> snake_case_to_camel('the_snake_is_green') # returns 'TheSnakeIsGreen'\n\n    :param input_string: String to convert.\n    :type input_string: str\n    :param upper_case_first: True to turn the first letter into uppercase (default).\n    :type upper_case_first: bool\n    :param separator: Sign to use as separator (default to \"_\").\n    :type separator: str\n    :return: Converted string\n    \"\"\"\n    if not is_snake_case(input_string, separator):\n        return input_string\n\n    return camel_case_to_snake(input_string, upper_case_first, separator)\n", "message": "failed: Traceback (most recent call last):\n  File \"/codegendata/human-eval/human_eval/execution.py\", line 57, in unsafe_execute\n    exec(check_program, exec_globals)\n  File \"<string>\", line 665, in <module>\n  File \"<string>\", line 664, in test_0\n  File \"<string>\", line 363, in snake_case_to_camel\nTypeError: camel_case_to_snake() takes from 1 to 2 positional arguments but 3 were given\n", "passed": false}
{"task_id": 2, "prediction_id": 15, "generation": "def snake_case_to_camel(input_string: str, upper_case_first: bool = True, separator: str = '_') -> str:\n    \"\"\"\n    Convert a snake case string into a camel case one.\n    (The original string is returned if is not a valid snake case string)\n\n    *Example:*\n\n    >>> snake_case_to_camel('the_snake_is_green') # returns 'TheSnakeIsGreen'\n\n    :param input_string: String to convert.\n    :type input_string: str\n    :param upper_case_first: True to turn the first letter into uppercase (default).\n    :type upper_case_first: bool\n    :param separator: Sign to use as separator (default to \"_\").\n    :type separator: str\n    :return: Converted string\n    \"\"\"\n    if not is_snake_case(input_string, separator):\n        return input_string\n\n    return camel_case_to_snake(input_string, upper_case_first, separator)\n", "message": "failed: Traceback (most recent call last):\n  File \"/codegendata/human-eval/human_eval/execution.py\", line 57, in unsafe_execute\n    exec(check_program, exec_globals)\n  File \"<string>\", line 665, in <module>\n  File \"<string>\", line 664, in test_0\n  File \"<string>\", line 363, in snake_case_to_camel\nTypeError: camel_case_to_snake() takes from 1 to 2 positional arguments but 3 were given\n", "passed": false}
{"task_id": 2, "prediction_id": 16, "generation": "def snake_case_to_camel(input_string: str, upper_case_first: bool = True, separator: str = '_') -> str:\n    \"\"\"\n    Convert a snake case string into a camel case one.\n    (The original string is returned if is not a valid snake case string)\n\n    *Example:*\n\n    >>> snake_case_to_camel('the_snake_is_green') # returns 'TheSnakeIsGreen'\n\n    :param input_string: String to convert.\n    :type input_string: str\n    :param upper_case_first: True to turn the first letter into uppercase (default).\n    :type upper_case_first: bool\n    :param separator: Sign to use as separator (default to \"_\").\n    :type separator: str\n    :return: Converted string\n    \"\"\"\n    if not is_snake_case(input_string, separator):\n        return input_string\n\n    return camel_case_to_snake(input_string, upper_case_first, separator)\n", "message": "failed: Traceback (most recent call last):\n  File \"/codegendata/human-eval/human_eval/execution.py\", line 57, in unsafe_execute\n    exec(check_program, exec_globals)\n  File \"<string>\", line 665, in <module>\n  File \"<string>\", line 664, in test_0\n  File \"<string>\", line 363, in snake_case_to_camel\nTypeError: camel_case_to_snake() takes from 1 to 2 positional arguments but 3 were given\n", "passed": false}
{"task_id": 2, "prediction_id": 17, "generation": "def snake_case_to_camel(input_string: str, upper_case_first: bool = True, separator: str = '_') -> str:\n    \"\"\"\n    Convert a snake case string into a camel case one.\n    (The original string is returned if is not a valid snake case string)\n\n    *Example:*\n\n    >>> snake_case_to_camel('the_snake_is_green') # returns 'TheSnakeIsGreen'\n\n    :param input_string: String to convert.\n    :type input_string: str\n    :param upper_case_first: True to turn the first letter into uppercase (default).\n    :type upper_case_first: bool\n    :param separator: Sign to use as separator (default to \"_\").\n    :type separator: str\n    :return: Converted string\n    \"\"\"\n    if not is_snake_case(input_string, separator):\n        return input_string\n\n    return ''.join(\n        [\n            input_string[0].upper() if upper_case_first else input_string[0],\n            input_string.replace(separator, '')\n        ]\n    )\n", "message": "failed: Traceback (most recent call last):\n  File \"/codegendata/human-eval/human_eval/execution.py\", line 57, in unsafe_execute\n    exec(check_program, exec_globals)\n  File \"<string>\", line 670, in <module>\n  File \"<string>\", line 669, in test_0\nAssertionError\n", "passed": false}
{"task_id": 2, "prediction_id": 18, "generation": "def snake_case_to_camel(input_string: str, upper_case_first: bool = True, separator: str = '_') -> str:\n    \"\"\"\n    Convert a snake case string into a camel case one.\n    (The original string is returned if is not a valid snake case string)\n\n    *Example:*\n\n    >>> snake_case_to_camel('the_snake_is_green') # returns 'TheSnakeIsGreen'\n\n    :param input_string: String to convert.\n    :type input_string: str\n    :param upper_case_first: True to turn the first letter into uppercase (default).\n    :type upper_case_first: bool\n    :param separator: Sign to use as separator (default to \"_\").\n    :type separator: str\n    :return: Converted string\n    \"\"\"\n    if not is_snake_case(input_string, separator):\n        return input_string\n\n    return camel_case_to_snake(input_string, upper_case_first, separator)\n", "message": "failed: Traceback (most recent call last):\n  File \"/codegendata/human-eval/human_eval/execution.py\", line 57, in unsafe_execute\n    exec(check_program, exec_globals)\n  File \"<string>\", line 665, in <module>\n  File \"<string>\", line 664, in test_0\n  File \"<string>\", line 363, in snake_case_to_camel\nTypeError: camel_case_to_snake() takes from 1 to 2 positional arguments but 3 were given\n", "passed": false}
{"task_id": 2, "prediction_id": 19, "generation": "def snake_case_to_camel(input_string: str, upper_case_first: bool = True, separator: str = '_') -> str:\n    \"\"\"\n    Convert a snake case string into a camel case one.\n    (The original string is returned if is not a valid snake case string)\n\n    *Example:*\n\n    >>> snake_case_to_camel('the_snake_is_green') # returns 'TheSnakeIsGreen'\n\n    :param input_string: String to convert.\n    :type input_string: str\n    :param upper_case_first: True to turn the first letter into uppercase (default).\n    :type upper_case_first: bool\n    :param separator: Sign to use as separator (default to \"_\").\n    :type separator: str\n    :return: Converted string\n    \"\"\"\n    if not is_snake_case(input_string, separator):\n        return input_string\n\n    return camel_case_to_snake(input_string, upper_case_first, separator)\n", "message": "failed: Traceback (most recent call last):\n  File \"/codegendata/human-eval/human_eval/execution.py\", line 57, in unsafe_execute\n    exec(check_program, exec_globals)\n  File \"<string>\", line 665, in <module>\n  File \"<string>\", line 664, in test_0\n  File \"<string>\", line 363, in snake_case_to_camel\nTypeError: camel_case_to_snake() takes from 1 to 2 positional arguments but 3 were given\n", "passed": false}
{"task_id": 2, "prediction_id": 20, "generation": "def snake_case_to_camel(input_string: str, upper_case_first: bool = True, separator: str = '_') -> str:\n    \"\"\"\n    Convert a snake case string into a camel case one.\n    (The original string is returned if is not a valid snake case string)\n\n    *Example:*\n\n    >>> snake_case_to_camel('the_snake_is_green') # returns 'TheSnakeIsGreen'\n\n    :param input_string: String to convert.\n    :type input_string: str\n    :param upper_case_first: True to turn the first letter into uppercase (default).\n    :type upper_case_first: bool\n    :param separator: Sign to use as separator (default to \"_\").\n    :type separator: str\n    :return: Converted string\n    \"\"\"\n    if not is_snake_case(input_string, separator):\n        return input_string\n\n    return camel_case_to_snake(input_string, upper_case_first, separator)\n", "message": "failed: Traceback (most recent call last):\n  File \"/codegendata/human-eval/human_eval/execution.py\", line 57, in unsafe_execute\n    exec(check_program, exec_globals)\n  File \"<string>\", line 665, in <module>\n  File \"<string>\", line 664, in test_0\n  File \"<string>\", line 363, in snake_case_to_camel\nTypeError: camel_case_to_snake() takes from 1 to 2 positional arguments but 3 were given\n", "passed": false}
{"task_id": 2, "prediction_id": 21, "generation": "def snake_case_to_camel(input_string: str, upper_case_first: bool = True, separator: str = '_') -> str:\n    \"\"\"\n    Convert a snake case string into a camel case one.\n    (The original string is returned if is not a valid snake case string)\n\n    *Example:*\n\n    >>> snake_case_to_camel('the_snake_is_green') # returns 'TheSnakeIsGreen'\n\n    :param input_string: String to convert.\n    :type input_string: str\n    :param upper_case_first: True to turn the first letter into uppercase (default).\n    :type upper_case_first: bool\n    :param separator: Sign to use as separator (default to \"_\").\n    :type separator: str\n    :return: Converted string\n    \"\"\"\n    if not is_snake_case(input_string, separator):\n        return input_string\n\n    return ''.join(\n        [\n            input_string[0].upper() if upper_case_first else input_string[0],\n            input_string.replace(separator, '')\n        ]\n    )\n", "message": "failed: Traceback (most recent call last):\n  File \"/codegendata/human-eval/human_eval/execution.py\", line 57, in unsafe_execute\n    exec(check_program, exec_globals)\n  File \"<string>\", line 670, in <module>\n  File \"<string>\", line 669, in test_0\nAssertionError\n", "passed": false}
{"task_id": 2, "prediction_id": 22, "generation": "def snake_case_to_camel(input_string: str, upper_case_first: bool = True, separator: str = '_') -> str:\n    \"\"\"\n    Convert a snake case string into a camel case one.\n    (The original string is returned if is not a valid snake case string)\n\n    *Example:*\n\n    >>> snake_case_to_camel('the_snake_is_green') # returns 'TheSnakeIsGreen'\n\n    :param input_string: String to convert.\n    :type input_string: str\n    :param upper_case_first: True to turn the first letter into uppercase (default).\n    :type upper_case_first: bool\n    :param separator: Sign to use as separator (default to \"_\").\n    :type separator: str\n    :return: Converted string\n    \"\"\"\n    if not is_snake_case(input_string, separator):\n        return input_string\n\n    return camel_case_to_snake(input_string, upper_case_first, separator)\n", "message": "failed: Traceback (most recent call last):\n  File \"/codegendata/human-eval/human_eval/execution.py\", line 57, in unsafe_execute\n    exec(check_program, exec_globals)\n  File \"<string>\", line 665, in <module>\n  File \"<string>\", line 664, in test_0\n  File \"<string>\", line 363, in snake_case_to_camel\nTypeError: camel_case_to_snake() takes from 1 to 2 positional arguments but 3 were given\n", "passed": false}
{"task_id": 2, "prediction_id": 23, "generation": "def snake_case_to_camel(input_string: str, upper_case_first: bool = True, separator: str = '_') -> str:\n    \"\"\"\n    Convert a snake case string into a camel case one.\n    (The original string is returned if is not a valid snake case string)\n\n    *Example:*\n\n    >>> snake_case_to_camel('the_snake_is_green') # returns 'TheSnakeIsGreen'\n\n    :param input_string: String to convert.\n    :type input_string: str\n    :param upper_case_first: True to turn the first letter into uppercase (default).\n    :type upper_case_first: bool\n    :param separator: Sign to use as separator (default to \"_\").\n    :type separator: str\n    :return: Converted string\n    \"\"\"\n    if not is_snake_case(input_string, separator):\n        return input_string\n\n    return ''.join(\n        [\n            input_string[:1].upper() if upper_case_first else input_string[:1],\n            input_string[1:].replace(separator, '')\n        ]\n    )\n", "message": "failed: Traceback (most recent call last):\n  File \"/codegendata/human-eval/human_eval/execution.py\", line 57, in unsafe_execute\n    exec(check_program, exec_globals)\n  File \"<string>\", line 670, in <module>\n  File \"<string>\", line 669, in test_0\nAssertionError\n", "passed": false}
{"task_id": 2, "prediction_id": 24, "generation": "def snake_case_to_camel(input_string: str, upper_case_first: bool = True, separator: str = '_') -> str:\n    \"\"\"\n    Convert a snake case string into a camel case one.\n    (The original string is returned if is not a valid snake case string)\n\n    *Example:*\n\n    >>> snake_case_to_camel('the_snake_is_green') # returns 'TheSnakeIsGreen'\n\n    :param input_string: String to convert.\n    :type input_string: str\n    :param upper_case_first: True to turn the first letter into uppercase (default).\n    :type upper_case_first: bool\n    :param separator: Sign to use as separator (default to \"_\").\n    :type separator: str\n    :return: Converted string\n    \"\"\"\n    if not is_snake_case(input_string, separator):\n        return input_string\n\n    return ''.join(\n        [\n            input_string[0].upper() if upper_case_first else input_string[0],\n            input_string.replace(separator, '')\n        ]\n    )\n", "message": "failed: Traceback (most recent call last):\n  File \"/codegendata/human-eval/human_eval/execution.py\", line 57, in unsafe_execute\n    exec(check_program, exec_globals)\n  File \"<string>\", line 670, in <module>\n  File \"<string>\", line 669, in test_0\nAssertionError\n", "passed": false}
{"task_id": 2, "prediction_id": 25, "generation": "def snake_case_to_camel(input_string: str, upper_case_first: bool = True, separator: str = '_') -> str:\n    \"\"\"\n    Convert a snake case string into a camel case one.\n    (The original string is returned if is not a valid snake case string)\n\n    *Example:*\n\n    >>> snake_case_to_camel('the_snake_is_green') # returns 'TheSnakeIsGreen'\n\n    :param input_string: String to convert.\n    :type input_string: str\n    :param upper_case_first: True to turn the first letter into uppercase (default).\n    :type upper_case_first: bool\n    :param separator: Sign to use as separator (default to \"_\").\n    :type separator: str\n    :return: Converted string\n    \"\"\"\n    if not is_snake_case(input_string, separator):\n        return input_string\n\n    return camel_case_to_snake(input_string, upper_case_first, separator)\n", "message": "failed: Traceback (most recent call last):\n  File \"/codegendata/human-eval/human_eval/execution.py\", line 57, in unsafe_execute\n    exec(check_program, exec_globals)\n  File \"<string>\", line 665, in <module>\n  File \"<string>\", line 664, in test_0\n  File \"<string>\", line 363, in snake_case_to_camel\nTypeError: camel_case_to_snake() takes from 1 to 2 positional arguments but 3 were given\n", "passed": false}
{"task_id": 2, "prediction_id": 26, "generation": "def snake_case_to_camel(input_string: str, upper_case_first: bool = True, separator: str = '_') -> str:\n    \"\"\"\n    Convert a snake case string into a camel case one.\n    (The original string is returned if is not a valid snake case string)\n\n    *Example:*\n\n    >>> snake_case_to_camel('the_snake_is_green') # returns 'TheSnakeIsGreen'\n\n    :param input_string: String to convert.\n    :type input_string: str\n    :param upper_case_first: True to turn the first letter into uppercase (default).\n    :type upper_case_first: bool\n    :param separator: Sign to use as separator (default to \"_\").\n    :type separator: str\n    :return: Converted string\n    \"\"\"\n    if not is_snake_case(input_string, separator):\n        return input_string\n\n    return ''.join(\n        [\n            input_string[0].upper() if upper_case_first else input_string[0],\n            input_string.replace(separator, '')\n        ]\n    )\n", "message": "failed: Traceback (most recent call last):\n  File \"/codegendata/human-eval/human_eval/execution.py\", line 57, in unsafe_execute\n    exec(check_program, exec_globals)\n  File \"<string>\", line 670, in <module>\n  File \"<string>\", line 669, in test_0\nAssertionError\n", "passed": false}
{"task_id": 2, "prediction_id": 27, "generation": "def snake_case_to_camel(input_string: str, upper_case_first: bool = True, separator: str = '_') -> str:\n    \"\"\"\n    Convert a snake case string into a camel case one.\n    (The original string is returned if is not a valid snake case string)\n\n    *Example:*\n\n    >>> snake_case_to_camel('the_snake_is_green') # returns 'TheSnakeIsGreen'\n\n    :param input_string: String to convert.\n    :type input_string: str\n    :param upper_case_first: True to turn the first letter into uppercase (default).\n    :type upper_case_first: bool\n    :param separator: Sign to use as separator (default to \"_\").\n    :type separator: str\n    :return: Converted string\n    \"\"\"\n    if not is_snake_case(input_string, separator):\n        return input_string\n\n    return ''.join(\n        [\n            input_string[0].upper() if upper_case_first else input_string[0],\n            input_string.replace(separator, '')\n        ]\n    )\n", "message": "failed: Traceback (most recent call last):\n  File \"/codegendata/human-eval/human_eval/execution.py\", line 57, in unsafe_execute\n    exec(check_program, exec_globals)\n  File \"<string>\", line 670, in <module>\n  File \"<string>\", line 669, in test_0\nAssertionError\n", "passed": false}
{"task_id": 2, "prediction_id": 28, "generation": "def snake_case_to_camel(input_string: str, upper_case_first: bool = True, separator: str = '_') -> str:\n    \"\"\"\n    Convert a snake case string into a camel case one.\n    (The original string is returned if is not a valid snake case string)\n\n    *Example:*\n\n    >>> snake_case_to_camel('the_snake_is_green') # returns 'TheSnakeIsGreen'\n\n    :param input_string: String to convert.\n    :type input_string: str\n    :param upper_case_first: True to turn the first letter into uppercase (default).\n    :type upper_case_first: bool\n    :param separator: Sign to use as separator (default to \"_\").\n    :type separator: str\n    :return: Converted string\n    \"\"\"\n    if not is_snake_case(input_string, separator):\n        return input_string\n\n    return camel_case_to_snake(input_string, upper_case_first, separator)\n", "message": "failed: Traceback (most recent call last):\n  File \"/codegendata/human-eval/human_eval/execution.py\", line 57, in unsafe_execute\n    exec(check_program, exec_globals)\n  File \"<string>\", line 665, in <module>\n  File \"<string>\", line 664, in test_0\n  File \"<string>\", line 363, in snake_case_to_camel\nTypeError: camel_case_to_snake() takes from 1 to 2 positional arguments but 3 were given\n", "passed": false}
{"task_id": 2, "prediction_id": 29, "generation": "def snake_case_to_camel(input_string: str, upper_case_first: bool = True, separator: str = '_') -> str:\n    \"\"\"\n    Convert a snake case string into a camel case one.\n    (The original string is returned if is not a valid snake case string)\n\n    *Example:*\n\n    >>> snake_case_to_camel('the_snake_is_green') # returns 'TheSnakeIsGreen'\n\n    :param input_string: String to convert.\n    :type input_string: str\n    :param upper_case_first: True to turn the first letter into uppercase (default).\n    :type upper_case_first: bool\n    :param separator: Sign to use as separator (default to \"_\").\n    :type separator: str\n    :return: Converted string\n    \"\"\"\n    if not is_snake_case(input_string, separator):\n        return input_string\n\n    return camel_case_to_snake(input_string, upper_case_first, separator)\n", "message": "failed: Traceback (most recent call last):\n  File \"/codegendata/human-eval/human_eval/execution.py\", line 57, in unsafe_execute\n    exec(check_program, exec_globals)\n  File \"<string>\", line 665, in <module>\n  File \"<string>\", line 664, in test_0\n  File \"<string>\", line 363, in snake_case_to_camel\nTypeError: camel_case_to_snake() takes from 1 to 2 positional arguments but 3 were given\n", "passed": false}
{"task_id": 2, "prediction_id": 30, "generation": "def snake_case_to_camel(input_string: str, upper_case_first: bool = True, separator: str = '_') -> str:\n    \"\"\"\n    Convert a snake case string into a camel case one.\n    (The original string is returned if is not a valid snake case string)\n\n    *Example:*\n\n    >>> snake_case_to_camel('the_snake_is_green') # returns 'TheSnakeIsGreen'\n\n    :param input_string: String to convert.\n    :type input_string: str\n    :param upper_case_first: True to turn the first letter into uppercase (default).\n    :type upper_case_first: bool\n    :param separator: Sign to use as separator (default to \"_\").\n    :type separator: str\n    :return: Converted string\n    \"\"\"\n    if not is_snake_case(input_string, separator):\n        return input_string\n\n    return camel_case_to_snake(input_string, upper_case_first, separator)\n", "message": "failed: Traceback (most recent call last):\n  File \"/codegendata/human-eval/human_eval/execution.py\", line 57, in unsafe_execute\n    exec(check_program, exec_globals)\n  File \"<string>\", line 665, in <module>\n  File \"<string>\", line 664, in test_0\n  File \"<string>\", line 363, in snake_case_to_camel\nTypeError: camel_case_to_snake() takes from 1 to 2 positional arguments but 3 were given\n", "passed": false}
{"task_id": 2, "prediction_id": 31, "generation": "def snake_case_to_camel(input_string: str, upper_case_first: bool = True, separator: str = '_') -> str:\n    \"\"\"\n    Convert a snake case string into a camel case one.\n    (The original string is returned if is not a valid snake case string)\n\n    *Example:*\n\n    >>> snake_case_to_camel('the_snake_is_green') # returns 'TheSnakeIsGreen'\n\n    :param input_string: String to convert.\n    :type input_string: str\n    :param upper_case_first: True to turn the first letter into uppercase (default).\n    :type upper_case_first: bool\n    :param separator: Sign to use as separator (default to \"_\").\n    :type separator: str\n    :return: Converted string\n    \"\"\"\n    if not is_snake_case(input_string, separator):\n        return input_string\n\n    return camel_case_to_snake(input_string, upper_case_first, separator)\n", "message": "failed: Traceback (most recent call last):\n  File \"/codegendata/human-eval/human_eval/execution.py\", line 57, in unsafe_execute\n    exec(check_program, exec_globals)\n  File \"<string>\", line 665, in <module>\n  File \"<string>\", line 664, in test_0\n  File \"<string>\", line 363, in snake_case_to_camel\nTypeError: camel_case_to_snake() takes from 1 to 2 positional arguments but 3 were given\n", "passed": false}
{"task_id": 2, "prediction_id": 32, "generation": "def snake_case_to_camel(input_string: str, upper_case_first: bool = True, separator: str = '_') -> str:\n    \"\"\"\n    Convert a snake case string into a camel case one.\n    (The original string is returned if is not a valid snake case string)\n\n    *Example:*\n\n    >>> snake_case_to_camel('the_snake_is_green') # returns 'TheSnakeIsGreen'\n\n    :param input_string: String to convert.\n    :type input_string: str\n    :param upper_case_first: True to turn the first letter into uppercase (default).\n    :type upper_case_first: bool\n    :param separator: Sign to use as separator (default to \"_\").\n    :type separator: str\n    :return: Converted string\n    \"\"\"\n    if not is_snake_case(input_string, separator):\n        return input_string\n\n    return ''.join(\n        [\n            input_string[0].upper() if upper_case_first else input_string[0],\n            input_string.replace(separator, '')\n        ]\n    )\n", "message": "failed: Traceback (most recent call last):\n  File \"/codegendata/human-eval/human_eval/execution.py\", line 57, in unsafe_execute\n    exec(check_program, exec_globals)\n  File \"<string>\", line 670, in <module>\n  File \"<string>\", line 669, in test_0\nAssertionError\n", "passed": false}
{"task_id": 2, "prediction_id": 33, "generation": "def snake_case_to_camel(input_string: str, upper_case_first: bool = True, separator: str = '_') -> str:\n    \"\"\"\n    Convert a snake case string into a camel case one.\n    (The original string is returned if is not a valid snake case string)\n\n    *Example:*\n\n    >>> snake_case_to_camel('the_snake_is_green') # returns 'TheSnakeIsGreen'\n\n    :param input_string: String to convert.\n    :type input_string: str\n    :param upper_case_first: True to turn the first letter into uppercase (default).\n    :type upper_case_first: bool\n    :param separator: Sign to use as separator (default to \"_\").\n    :type separator: str\n    :return: Converted string\n    \"\"\"\n    if not is_snake_case(input_string, separator):\n        return input_string\n\n    return ''.join(\n        [\n            input_string[0].upper() if upper_case_first else input_string[0],\n            input_string.replace(separator, '')\n        ]\n    )\n", "message": "failed: Traceback (most recent call last):\n  File \"/codegendata/human-eval/human_eval/execution.py\", line 57, in unsafe_execute\n    exec(check_program, exec_globals)\n  File \"<string>\", line 670, in <module>\n  File \"<string>\", line 669, in test_0\nAssertionError\n", "passed": false}
{"task_id": 2, "prediction_id": 34, "generation": "def snake_case_to_camel(input_string: str, upper_case_first: bool = True, separator: str = '_') -> str:\n    \"\"\"\n    Convert a snake case string into a camel case one.\n    (The original string is returned if is not a valid snake case string)\n\n    *Example:*\n\n    >>> snake_case_to_camel('the_snake_is_green') # returns 'TheSnakeIsGreen'\n\n    :param input_string: String to convert.\n    :type input_string: str\n    :param upper_case_first: True to turn the first letter into uppercase (default).\n    :type upper_case_first: bool\n    :param separator: Sign to use as separator (default to \"_\").\n    :type separator: str\n    :return: Converted string\n    \"\"\"\n    if not is_snake_case(input_string, separator):\n        return input_string\n\n    return camel_case_to_snake(input_string, upper_case_first, separator)\n", "message": "failed: Traceback (most recent call last):\n  File \"/codegendata/human-eval/human_eval/execution.py\", line 57, in unsafe_execute\n    exec(check_program, exec_globals)\n  File \"<string>\", line 665, in <module>\n  File \"<string>\", line 664, in test_0\n  File \"<string>\", line 363, in snake_case_to_camel\nTypeError: camel_case_to_snake() takes from 1 to 2 positional arguments but 3 were given\n", "passed": false}
{"task_id": 2, "prediction_id": 35, "generation": "def snake_case_to_camel(input_string: str, upper_case_first: bool = True, separator: str = '_') -> str:\n    \"\"\"\n    Convert a snake case string into a camel case one.\n    (The original string is returned if is not a valid snake case string)\n\n    *Example:*\n\n    >>> snake_case_to_camel('the_snake_is_green') # returns 'TheSnakeIsGreen'\n\n    :param input_string: String to convert.\n    :type input_string: str\n    :param upper_case_first: True to turn the first letter into uppercase (default).\n    :type upper_case_first: bool\n    :param separator: Sign to use as separator (default to \"_\").\n    :type separator: str\n    :return: Converted string\n    \"\"\"\n    if not is_snake_case(input_string, separator):\n        return input_string\n\n    return ''.join(\n        [\n            input_string[0].upper() if upper_case_first else input_string[0],\n            input_string.replace(separator, '')\n        ]\n    )\n", "message": "failed: Traceback (most recent call last):\n  File \"/codegendata/human-eval/human_eval/execution.py\", line 57, in unsafe_execute\n    exec(check_program, exec_globals)\n  File \"<string>\", line 670, in <module>\n  File \"<string>\", line 669, in test_0\nAssertionError\n", "passed": false}
{"task_id": 2, "prediction_id": 36, "generation": "def snake_case_to_camel(input_string: str, upper_case_first: bool = True, separator: str = '_') -> str:\n    \"\"\"\n    Convert a snake case string into a camel case one.\n    (The original string is returned if is not a valid snake case string)\n\n    *Example:*\n\n    >>> snake_case_to_camel('the_snake_is_green') # returns 'TheSnakeIsGreen'\n\n    :param input_string: String to convert.\n    :type input_string: str\n    :param upper_case_first: True to turn the first letter into uppercase (default).\n    :type upper_case_first: bool\n    :param separator: Sign to use as separator (default to \"_\").\n    :type separator: str\n    :return: Converted string\n    \"\"\"\n    if not is_snake_case(input_string, separator):\n        return input_string\n\n    return ''.join(\n        [\n            input_string[0].upper() if upper_case_first else input_string[0],\n            input_string.replace(separator, '')\n        ]\n    )\n", "message": "failed: Traceback (most recent call last):\n  File \"/codegendata/human-eval/human_eval/execution.py\", line 57, in unsafe_execute\n    exec(check_program, exec_globals)\n  File \"<string>\", line 670, in <module>\n  File \"<string>\", line 669, in test_0\nAssertionError\n", "passed": false}
{"task_id": 2, "prediction_id": 37, "generation": "def snake_case_to_camel(input_string: str, upper_case_first: bool = True, separator: str = '_') -> str:\n    \"\"\"\n    Convert a snake case string into a camel case one.\n    (The original string is returned if is not a valid snake case string)\n\n    *Example:*\n\n    >>> snake_case_to_camel('the_snake_is_green') # returns 'TheSnakeIsGreen'\n\n    :param input_string: String to convert.\n    :type input_string: str\n    :param upper_case_first: True to turn the first letter into uppercase (default).\n    :type upper_case_first: bool\n    :param separator: Sign to use as separator (default to \"_\").\n    :type separator: str\n    :return: Converted string\n    \"\"\"\n    if not is_snake_case(input_string, separator):\n        return input_string\n\n    return camel_case_to_snake(input_string, upper_case_first, separator)\n", "message": "failed: Traceback (most recent call last):\n  File \"/codegendata/human-eval/human_eval/execution.py\", line 57, in unsafe_execute\n    exec(check_program, exec_globals)\n  File \"<string>\", line 665, in <module>\n  File \"<string>\", line 664, in test_0\n  File \"<string>\", line 363, in snake_case_to_camel\nTypeError: camel_case_to_snake() takes from 1 to 2 positional arguments but 3 were given\n", "passed": false}
{"task_id": 2, "prediction_id": 38, "generation": "def snake_case_to_camel(input_string: str, upper_case_first: bool = True, separator: str = '_') -> str:\n    \"\"\"\n    Convert a snake case string into a camel case one.\n    (The original string is returned if is not a valid snake case string)\n\n    *Example:*\n\n    >>> snake_case_to_camel('the_snake_is_green') # returns 'TheSnakeIsGreen'\n\n    :param input_string: String to convert.\n    :type input_string: str\n    :param upper_case_first: True to turn the first letter into uppercase (default).\n    :type upper_case_first: bool\n    :param separator: Sign to use as separator (default to \"_\").\n    :type separator: str\n    :return: Converted string\n    \"\"\"\n    if not is_snake_case(input_string, separator):\n        return input_string\n\n    return ''.join(\n        [\n            input_string[0].upper() if upper_case_first else input_string[0],\n            input_string.replace(separator, '')\n        ]\n    )\n", "message": "failed: Traceback (most recent call last):\n  File \"/codegendata/human-eval/human_eval/execution.py\", line 57, in unsafe_execute\n    exec(check_program, exec_globals)\n  File \"<string>\", line 670, in <module>\n  File \"<string>\", line 669, in test_0\nAssertionError\n", "passed": false}
{"task_id": 2, "prediction_id": 39, "generation": "def snake_case_to_camel(input_string: str, upper_case_first: bool = True, separator: str = '_') -> str:\n    \"\"\"\n    Convert a snake case string into a camel case one.\n    (The original string is returned if is not a valid snake case string)\n\n    *Example:*\n\n    >>> snake_case_to_camel('the_snake_is_green') # returns 'TheSnakeIsGreen'\n\n    :param input_string: String to convert.\n    :type input_string: str\n    :param upper_case_first: True to turn the first letter into uppercase (default).\n    :type upper_case_first: bool\n    :param separator: Sign to use as separator (default to \"_\").\n    :type separator: str\n    :return: Converted string\n    \"\"\"\n    if not is_snake_case(input_string, separator):\n        return input_string\n\n    return camel_case_to_snake(input_string, upper_case_first, separator)\n", "message": "failed: Traceback (most recent call last):\n  File \"/codegendata/human-eval/human_eval/execution.py\", line 57, in unsafe_execute\n    exec(check_program, exec_globals)\n  File \"<string>\", line 665, in <module>\n  File \"<string>\", line 664, in test_0\n  File \"<string>\", line 363, in snake_case_to_camel\nTypeError: camel_case_to_snake() takes from 1 to 2 positional arguments but 3 were given\n", "passed": false}
{"task_id": 2, "prediction_id": 40, "generation": "def snake_case_to_camel(input_string: str, upper_case_first: bool = True, separator: str = '_') -> str:\n    \"\"\"\n    Convert a snake case string into a camel case one.\n    (The original string is returned if is not a valid snake case string)\n\n    *Example:*\n\n    >>> snake_case_to_camel('the_snake_is_green') # returns 'TheSnakeIsGreen'\n\n    :param input_string: String to convert.\n    :type input_string: str\n    :param upper_case_first: True to turn the first letter into uppercase (default).\n    :type upper_case_first: bool\n    :param separator: Sign to use as separator (default to \"_\").\n    :type separator: str\n    :return: Converted string\n    \"\"\"\n    if not is_snake_case(input_string, separator):\n        return input_string\n\n    return camel_case_to_snake(input_string, upper_case_first, separator)\n", "message": "failed: Traceback (most recent call last):\n  File \"/codegendata/human-eval/human_eval/execution.py\", line 57, in unsafe_execute\n    exec(check_program, exec_globals)\n  File \"<string>\", line 665, in <module>\n  File \"<string>\", line 664, in test_0\n  File \"<string>\", line 363, in snake_case_to_camel\nTypeError: camel_case_to_snake() takes from 1 to 2 positional arguments but 3 were given\n", "passed": false}
{"task_id": 2, "prediction_id": 41, "generation": "def snake_case_to_camel(input_string: str, upper_case_first: bool = True, separator: str = '_') -> str:\n    \"\"\"\n    Convert a snake case string into a camel case one.\n    (The original string is returned if is not a valid snake case string)\n\n    *Example:*\n\n    >>> snake_case_to_camel('the_snake_is_green') # returns 'TheSnakeIsGreen'\n\n    :param input_string: String to convert.\n    :type input_string: str\n    :param upper_case_first: True to turn the first letter into uppercase (default).\n    :type upper_case_first: bool\n    :param separator: Sign to use as separator (default to \"_\").\n    :type separator: str\n    :return: Converted string\n    \"\"\"\n    if not is_snake_case(input_string, separator):\n        return input_string\n\n    return ''.join(\n        [\n            input_string[0].upper() if upper_case_first else input_string[0],\n            input_string.replace(separator, '')\n        ]\n    )\n", "message": "failed: Traceback (most recent call last):\n  File \"/codegendata/human-eval/human_eval/execution.py\", line 57, in unsafe_execute\n    exec(check_program, exec_globals)\n  File \"<string>\", line 670, in <module>\n  File \"<string>\", line 669, in test_0\nAssertionError\n", "passed": false}
{"task_id": 2, "prediction_id": 42, "generation": "def snake_case_to_camel(input_string: str, upper_case_first: bool = True, separator: str = '_') -> str:\n    \"\"\"\n    Convert a snake case string into a camel case one.\n    (The original string is returned if is not a valid snake case string)\n\n    *Example:*\n\n    >>> snake_case_to_camel('the_snake_is_green') # returns 'TheSnakeIsGreen'\n\n    :param input_string: String to convert.\n    :type input_string: str\n    :param upper_case_first: True to turn the first letter into uppercase (default).\n    :type upper_case_first: bool\n    :param separator: Sign to use as separator (default to \"_\").\n    :type separator: str\n    :return: Converted string\n    \"\"\"\n    if not is_snake_case(input_string, separator):\n        return input_string\n\n    return ''.join(\n        [\n            input_string[0].upper() if upper_case_first else input_string[0],\n            input_string.replace(separator, '')\n        ]\n    )\n", "message": "failed: Traceback (most recent call last):\n  File \"/codegendata/human-eval/human_eval/execution.py\", line 57, in unsafe_execute\n    exec(check_program, exec_globals)\n  File \"<string>\", line 670, in <module>\n  File \"<string>\", line 669, in test_0\nAssertionError\n", "passed": false}
{"task_id": 2, "prediction_id": 43, "generation": "def snake_case_to_camel(input_string: str, upper_case_first: bool = True, separator: str = '_') -> str:\n    \"\"\"\n    Convert a snake case string into a camel case one.\n    (The original string is returned if is not a valid snake case string)\n\n    *Example:*\n\n    >>> snake_case_to_camel('the_snake_is_green') # returns 'TheSnakeIsGreen'\n\n    :param input_string: String to convert.\n    :type input_string: str\n    :param upper_case_first: True to turn the first letter into uppercase (default).\n    :type upper_case_first: bool\n    :param separator: Sign to use as separator (default to \"_\").\n    :type separator: str\n    :return: Converted string\n    \"\"\"\n    if not is_snake_case(input_string, separator):\n        return input_string\n\n    return ''.join(\n        [\n            input_string[0].upper() if upper_case_first else input_string[0],\n            input_string.replace(separator, '')\n        ]\n    )\n", "message": "failed: Traceback (most recent call last):\n  File \"/codegendata/human-eval/human_eval/execution.py\", line 57, in unsafe_execute\n    exec(check_program, exec_globals)\n  File \"<string>\", line 670, in <module>\n  File \"<string>\", line 669, in test_0\nAssertionError\n", "passed": false}
{"task_id": 2, "prediction_id": 44, "generation": "def snake_case_to_camel(input_string: str, upper_case_first: bool = True, separator: str = '_') -> str:\n    \"\"\"\n    Convert a snake case string into a camel case one.\n    (The original string is returned if is not a valid snake case string)\n\n    *Example:*\n\n    >>> snake_case_to_camel('the_snake_is_green') # returns 'TheSnakeIsGreen'\n\n    :param input_string: String to convert.\n    :type input_string: str\n    :param upper_case_first: True to turn the first letter into uppercase (default).\n    :type upper_case_first: bool\n    :param separator: Sign to use as separator (default to \"_\").\n    :type separator: str\n    :return: Converted string\n    \"\"\"\n    if not is_snake_case(input_string, separator):\n        return input_string\n\n    return ''.join(\n        [\n            input_string[0].upper() if upper_case_first else input_string[0],\n            input_string.replace(separator, '')\n        ]\n    )\n", "message": "failed: Traceback (most recent call last):\n  File \"/codegendata/human-eval/human_eval/execution.py\", line 57, in unsafe_execute\n    exec(check_program, exec_globals)\n  File \"<string>\", line 670, in <module>\n  File \"<string>\", line 669, in test_0\nAssertionError\n", "passed": false}
{"task_id": 2, "prediction_id": 45, "generation": "def snake_case_to_camel(input_string: str, upper_case_first: bool = True, separator: str = '_') -> str:\n    \"\"\"\n    Convert a snake case string into a camel case one.\n    (The original string is returned if is not a valid snake case string)\n\n    *Example:*\n\n    >>> snake_case_to_camel('the_snake_is_green') # returns 'TheSnakeIsGreen'\n\n    :param input_string: String to convert.\n    :type input_string: str\n    :param upper_case_first: True to turn the first letter into uppercase (default).\n    :type upper_case_first: bool\n    :param separator: Sign to use as separator (default to \"_\").\n    :type separator: str\n    :return: Converted string\n    \"\"\"\n    if not is_snake_case(input_string, separator):\n        return input_string\n\n    return camel_case_to_snake(input_string, upper_case_first, separator)\n", "message": "failed: Traceback (most recent call last):\n  File \"/codegendata/human-eval/human_eval/execution.py\", line 57, in unsafe_execute\n    exec(check_program, exec_globals)\n  File \"<string>\", line 665, in <module>\n  File \"<string>\", line 664, in test_0\n  File \"<string>\", line 363, in snake_case_to_camel\nTypeError: camel_case_to_snake() takes from 1 to 2 positional arguments but 3 were given\n", "passed": false}
{"task_id": 2, "prediction_id": 46, "generation": "def snake_case_to_camel(input_string: str, upper_case_first: bool = True, separator: str = '_') -> str:\n    \"\"\"\n    Convert a snake case string into a camel case one.\n    (The original string is returned if is not a valid snake case string)\n\n    *Example:*\n\n    >>> snake_case_to_camel('the_snake_is_green') # returns 'TheSnakeIsGreen'\n\n    :param input_string: String to convert.\n    :type input_string: str\n    :param upper_case_first: True to turn the first letter into uppercase (default).\n    :type upper_case_first: bool\n    :param separator: Sign to use as separator (default to \"_\").\n    :type separator: str\n    :return: Converted string\n    \"\"\"\n    if not is_snake_case(input_string, separator):\n        return input_string\n\n    return camel_case_to_snake(input_string, upper_case_first, separator)\n", "message": "failed: Traceback (most recent call last):\n  File \"/codegendata/human-eval/human_eval/execution.py\", line 57, in unsafe_execute\n    exec(check_program, exec_globals)\n  File \"<string>\", line 665, in <module>\n  File \"<string>\", line 664, in test_0\n  File \"<string>\", line 363, in snake_case_to_camel\nTypeError: camel_case_to_snake() takes from 1 to 2 positional arguments but 3 were given\n", "passed": false}
{"task_id": 2, "prediction_id": 47, "generation": "def snake_case_to_camel(input_string: str, upper_case_first: bool = True, separator: str = '_') -> str:\n    \"\"\"\n    Convert a snake case string into a camel case one.\n    (The original string is returned if is not a valid snake case string)\n\n    *Example:*\n\n    >>> snake_case_to_camel('the_snake_is_green') # returns 'TheSnakeIsGreen'\n\n    :param input_string: String to convert.\n    :type input_string: str\n    :param upper_case_first: True to turn the first letter into uppercase (default).\n    :type upper_case_first: bool\n    :param separator: Sign to use as separator (default to \"_\").\n    :type separator: str\n    :return: Converted string\n    \"\"\"\n    if not is_snake_case(input_string, separator):\n        return input_string\n\n    return camel_case_to_snake(input_string, upper_case_first, separator)\n", "message": "failed: Traceback (most recent call last):\n  File \"/codegendata/human-eval/human_eval/execution.py\", line 57, in unsafe_execute\n    exec(check_program, exec_globals)\n  File \"<string>\", line 665, in <module>\n  File \"<string>\", line 664, in test_0\n  File \"<string>\", line 363, in snake_case_to_camel\nTypeError: camel_case_to_snake() takes from 1 to 2 positional arguments but 3 were given\n", "passed": false}
{"task_id": 2, "prediction_id": 48, "generation": "def snake_case_to_camel(input_string: str, upper_case_first: bool = True, separator: str = '_') -> str:\n    \"\"\"\n    Convert a snake case string into a camel case one.\n    (The original string is returned if is not a valid snake case string)\n\n    *Example:*\n\n    >>> snake_case_to_camel('the_snake_is_green') # returns 'TheSnakeIsGreen'\n\n    :param input_string: String to convert.\n    :type input_string: str\n    :param upper_case_first: True to turn the first letter into uppercase (default).\n    :type upper_case_first: bool\n    :param separator: Sign to use as separator (default to \"_\").\n    :type separator: str\n    :return: Converted string\n    \"\"\"\n    if not is_snake_case(input_string, separator):\n        return input_string\n\n    return camel_case_to_snake(input_string, upper_case_first, separator)\n", "message": "failed: Traceback (most recent call last):\n  File \"/codegendata/human-eval/human_eval/execution.py\", line 57, in unsafe_execute\n    exec(check_program, exec_globals)\n  File \"<string>\", line 665, in <module>\n  File \"<string>\", line 664, in test_0\n  File \"<string>\", line 363, in snake_case_to_camel\nTypeError: camel_case_to_snake() takes from 1 to 2 positional arguments but 3 were given\n", "passed": false}
{"task_id": 2, "prediction_id": 49, "generation": "def snake_case_to_camel(input_string: str, upper_case_first: bool = True, separator: str = '_') -> str:\n    \"\"\"\n    Convert a snake case string into a camel case one.\n    (The original string is returned if is not a valid snake case string)\n\n    *Example:*\n\n    >>> snake_case_to_camel('the_snake_is_green') # returns 'TheSnakeIsGreen'\n\n    :param input_string: String to convert.\n    :type input_string: str\n    :param upper_case_first: True to turn the first letter into uppercase (default).\n    :type upper_case_first: bool\n    :param separator: Sign to use as separator (default to \"_\").\n    :type separator: str\n    :return: Converted string\n    \"\"\"\n    if not is_snake_case(input_string, separator):\n        return input_string\n\n    return ''.join(\n        [\n            input_string[0].upper() if upper_case_first else input_string[0],\n            input_string.replace(separator, '')\n        ]\n    )\n", "message": "failed: Traceback (most recent call last):\n  File \"/codegendata/human-eval/human_eval/execution.py\", line 57, in unsafe_execute\n    exec(check_program, exec_globals)\n  File \"<string>\", line 670, in <module>\n  File \"<string>\", line 669, in test_0\nAssertionError\n", "passed": false}
